 Дальномер лазерный Makita LD 100 P ,1630
 Дальномер лазерный Hitachi UG50Y ,1630
 Дальномер лазерный Makita LD 050 P ,1630
 Дальномер лазерный Makita LD 080 P ,1630
 Дальномер лазерный Makita LD 080 PI ,1630
 Дальномер лазерный Skil 0530 F0150530AA ,1630
 Дальномер лазерный DeWalt DW 03050 DW 03050,1630
 Дальномер лазерный DeWalt DW 03101 ,1630
 Дальномер ультразвуковой Stanley 0-77-018 ,1630
 Дальномер AEG UM 15 L ,1630
 Дальномер лазерный Agatec Agatape Agatape,1630
 Дальномер лазерный Agatec DM 100 DM100,1630
 Дальномер лазерный Geo-Fennel Ecoline EcoDIST plus ,1630
 Дальномер лазерный Bosch GLM 150 0601072000 ,1630
 Дальномер лазерный Bosch GLM 250 + BS 150 061599402J ,1630
 Дальномер лазерный Bosch GLM 250 VF 0601072100 ,1630
 Дальномер лазерный Bosch GLM 80 + R 60 0601072301 ,1630
 Дальномер лазерный Bosch GLM 80 0601072300 ,1630
 Дальномер лазерный Bosch PLR 25 0603016220 ,1630
 Дальномер лазерный Bosch PLR 50 0603016320 PLR 50,1630
 Дальномер лазерный Stabila LD 300 ,1630
 Дальномер лазерный Stabila LD 400 ,1630
 Дальномер лазерный Stabila LE 40 ,1630
 Дальномер лазерный Stabila LE 50 ,1630
 Дальномер лазерный Интерскол ЛД-40 ,1630
 Дальномер лазерный Condtrol X1 Plus 1-4-062 ,1630
 Дальномер лазерный Bosch GLM 100 С 0601072700 ,1630
 Дальномер лазерный Bosch GLM 30 0601072500 ,1630
 Уровень Stabila R-300 81см 18372 ,1630
 Уровень Stabila Pocket Basic 17889 Pocket Basic,1630
 Уровень карманный Stabila Pocket Magnetic 7см 17774 ,1630
 Уровень карманный Stabila Pocket Magnetic Pro 7см 17768 ,1630
 Дальномер лазерный Leica Disto D110 (808088) ,1630
 Дальномер лазерный Leica Disto X310 (790656) ,1630
 Дальномер лазерный Leica Racer 100 (784107) ,1630
 Дальномер лазерный Condtrol XS 1-4-066 ,1630
 Дальномер AEG LMG 50 447680 ,1630
 Дальномер лазерный Metabo LD 60 606163000 LD 60,1630
 Дальномер лазерный Bosch PLR 40 C 0603672320 ,1630
 Дальномер лазерный Bosch GLM 40 0601072900 ,1630
 Дальномер лазерный Bosch PLR 50 C 0603672221 ,1630
 Дальномер лазерный Metabo LD 30 606162000 LD 30,1630
 Лазерный дальномер Condtrol X1 Lite 1-4-081 X1 LITE,1630
 Дальномер лазерный Makita LD 030 P ,1630
 Дальномер лазерный Stanley TLM 110 1-77-910 ,1630
 Комплект Condtrol X-Kit New (EFX+X1 Plus) 1-2-082 X-Kit NEW (EFX+X1 Plus),1630
 Дальномер лазерный Bosch GLM 50 C 0601072C00 ,1630
 Дальномер Elitech ЛД 60 ,1630
 Лазерный дальномер Condtrol XP1 1-4-079 XP1,1630
 Дальномер Elitech ЛД 15 ,1630
 Дальномер Elitech ЛД 30 ,1630
 Лазерный дальномер Condtrol XP2 1-4-080  XP2,1630
 Лазерный дальномер Condtrol XP3 1-4-084 ,1630
 Лазерный дальномер Condtrol XP4 1-4-085  XP4,1630
 Дальномер лазерный Практика ДЛ-20 ДЛ-20,1630
 Дальномер лазерный Практика ДЛ-40  ДЛ-40,1630
 Дальномер лазерный Практика ДЛ-60 ,1630
 Дальномер лазерный Практика ДЛ-80 ДЛ-80,1630
 Лазерный дальномер Condtrol XP4 pro 1-4-086 XP4 pro,1630
 Дальномер лазерный Bosch PLR 25 0603672521 PLR 25,1630
 Дальномер лазерный Bosch Zamo 0603672621 Zamo II,1630
 Дальномер лазерный DeWalt DW 033-XJ ,1630
 Дальномер Elitech ЛД 60Н ,1630
 Дальномер Elitech ЛД 80Н ,1630
 Дальномер лазерный ADA Cosmo 100 с функцией уклономера А00412 ,1630
 Дальномер лазерный ADA Cosmo 70 А00429 ,1630
 Дальномер лазерный ADA Cosmo Mini А00410 ,1630
 Дальномер лазерный Bosch GLM 30 0601072502 ,1630
 Дальномер лазерный Condtrol Infiniter 30 new 1-4-094  ,1630
 Дальномер лазерный ADA Cosmo 150 Video А00475 Cosmo 150 Video,1630
 Дальномер лазерный ADA Cosmo 50 А00491 Cosmo 50,1630
 Дальномер лазерный ADA Cosmo Mini 40 А00490 Cosmo MINI 40,1630
 Лазерный дальномер Condtrol Smart 20 1-4-096 Smart 20,1630
