Аккумуляторная дрель METABO BS 18 L Quick,114636
Аккумуляторная дрель METABO BS 18 L,114636
Аккумуляторная дрель Hitachi DS18DVF3,114636
Аккумуляторная дрель Hitachi DS14DCL-RC,114636
Аккумуляторная дрель Hitachi DS12DVFA,114636
Аккумуляторная дрель MAKITA HP 347 DWE,114636
Аккумуляторная ударная дрель BOSCH GSB 180-LI,114636
Аккумуляторная дрель ИНТЕРСКОЛ ДА-13/18M2,114636
Аккумуляторная дрель BOSCH GSR 18 VE-EC,114636
Аккумуляторная дрель BOSCH GSR 12V-15,114636
Аккумуляторная дрель BOSCH GSR 12V-15 FC,114636
Аккумуляторная дрель BOSCH GSR 14.4 VE-EC,114636
Аккумуляторная дрель BOSCH GSR 14.4-2-LI Plus,114636
Аккумуляторная дрель BOSCH GSR 18 V-EC,114636
Аккумуляторная дрель STANLEY SCD20C2K,114636
Аккумуляторная дрель STANLEY STDC18LHBK,114636
Аккумуляторная ударная дрель STANLEY SCH201D2K,114636
Аккумуляторная дрель STANLEY SCD12S2,114636
Аккумуляторная дрель MAKITA DDF 444RFE,114636
Аккумуляторный винтоверт METABO BS 18 LTX BL I,114636
Аккумуляторная дрель BOSCH GSR 120-LI,114636
Винтоверт METABO PowerMaX BS 10.8В,114636
Аккумуляторная дрель MAKITA DDF 459SYE,114636
Аккумуляторная дрель BOSCH GSR 140-LI,114636
Аккумуляторная дрель BOSCH GSR 180-LI,114636
Аккумуляторная дрель BOSCH GSB 18-2-LI,114636
Аккумуляторная дрель MAKITA DF 457 DWE,114636
Аккумуляторная дрель MAKITA DF 347 DWE,114636
Аккумуляторная дрель MAKITA DF 347 DWLE,114636
Аккумуляторная дрель MAKITA DF 457 DWLE,114636
Отвертка ИНТЕРСКОЛ ОА-3.6Ф,114636
Винтоверт METABO BS 18 LTX Impuls,114636
Аккумуляторная дрель ИНТЕРСКОЛ ДА-14.4ЭР,114636
Аккумуляторная дрель ИНТЕРСКОЛ ДА-18ЭР,114636
Аккумуляторная дрель MAKITA DDF 446RFE,114636
Аккумуляторная дрель METABO BS 18,114636
Аккумуляторная дрель ИНТЕРСКОЛ ДА-10/14.4М3,114636
Аккумуляторная дрель ИНТЕРСКОЛ ДА-13/18М3,114636
Аккумуляторная дрель ИНТЕРСКОЛ ДА-10/12М3,114636
Аккумуляторная дрель ИНТЕРСКОЛ ДА-10/14.4Л3,114636
Аккумуляторная дрель ИНТЕРСКОЛ ДА-13/18Л3,114636
Аккумуляторная дрель BOSCH GSR 1800-LI,114636
Аккумуляторная дрель BOSCH GSR 18 V-EC,114636
Аккумуляторная дрель BOSCH GSR 18 V-EC FC2,114636
Аккумуляторная дрель BOSCH GSR 1440-LI ,114636
Аккумуляторная дрель BOSCH GSR 18-2-LI Plus,114636
Аккумуляторная дрель ИНТЕРСКОЛ ДА-13/18М3,114636
Аккумуляторная дрель ИНТЕРСКОЛ ДА-10/14.4М3,114636
Аккумуляторная дрель ИНТЕРСКОЛ ДА-10/12М3,114636
Аккумуляторная дрель AEG BSB 18CBL Li-402C,114636
Аккумуляторная дрель BOSCH GSR 1000,114636
Аккумуляторная дрель BOSCH GSB 1080-2 Li,114636
Аккумуляторная дрель METABO BS 14.4 Li,114636
Аккумуляторная дрель BOSCH GSR 14.4 V-ECC FC2 ,114636
Аккумуляторная дрель ИНТЕРСКОЛ ДА-10/12М2,114636
Аккумуляторная дрель BOSCH GSR 1080-2 Li,114636
Аккумуляторная дрель METABO BS 14.4,114636
Аккумуляторная дрель BOSCH GSB 10.8-2 Li,114636
Аккумуляторный винтоверт METABO BS Basic Set,114636
Аккумуляторная дрель BOSCH GSR 18 V-EC TE,114636
Аккумуляторная дрель ФИОЛЕНТ ДША 1-10РЭ3,114636
Аккумуляторная дрель ФИОЛЕНТ ДША 1-10-РЭ4,114636
Аккумуляторная дрель ФИОЛЕНТ ДША1-10-РЭ4,114636
Аккумуляторная дрель ФИОЛЕНТ ДША1-10-РЭ3,114636
Аккумуляторная дрель ФИОЛЕНТ ДША 1-10РЭ3,114636
Аккумуляторная дрель MAKITA DDF 453SYE,114636
Аккумуляторная дрель ИНТЕРСКОЛ ДА-10/14.4М3-Ф,114636
Аккумуляторная дрель BOSCH GSR 10.8 V-EC,114636
Аккумуляторная дрель BOSCH GSR 14.4 V-EC FC2,114636
Аккумуляторная ударная дрель BOSCH GSR 18-2-Li,114636
