фонарь,114637
фонарь,114637
фонарь,114637
фонарь,114637
фонарь,114637
фонарь,114637
фонарь,114637
фонарь,114637
фонарь,114637
фонарь,114637
фонарь,114637
фонарь,114637
фонарь,114637
фонарь,114637
фонарь,114637
фонарь,114637
фонарь,114637
фонарь,114637
фонарь,114637
фонарь,114637
фонарь,114637
фонарь,114637
фонарь,114637
фонарь,114637
фонарь,114637
фонарь,114637
фонарь,114637
фонарь,114637
фонарь,114637
фонарь,114637
фонарь,114637
фонарь,114637
фонарь,114637
фонарь,114637
фонарь,114637
фонарь,114637
фонарь,114637
фонарь,114637
фонарь,114637
фонарь,114637
фонарь,114637
фонарь,114637
фонарь,114637
фонарь,114637
фонарь,114637
фонарь,114637
фонарь,114637
фонарь,114637
фонарь,114637
фонарь,114637
фонарь,114637
фонарь,114637
фонарь,114637
фонарь,114637
фонарь,114637
фонарь,114637
фонарь,114637
фонарь,114637
фонарь,114637
фонарь яркий,114637
фонарь яркий,114637
фонарь яркий,114637
фонарь яркий,114637
фонарь,114637
фонарь,114637
фонарь,114637
фонарь яркий,114637
фонарь яркий,114637
фонарь,114637
фонарь яркий,114637
