Газонокосилка бензиновая Viking MB 253.1,114906
Газонокосилка бензиновая HUSQVARNA LB 155S,114906
Газонокосилка бензиновая Viking MB 448.1 TX,114906
Газонокосилка бензиновая CHAMPION LM5127BS,114906
Газонокосилка бензиновая CHAMPION LM5347BS,114906
Газонокосилка бензиновая McCULLOCH M51-150R Classic,114906
Газонокосилка бензиновая CHAMPION LM5347,114906
Газонокосилка бензиновая CHAMPION LM5345,114906
Газонокосилка бензиновая CHAMPION LM4840,114906
Газонокосилка бензиновая HUSQVARNA  LC 253S,114906
Газонокосилка бензиновая ИНТЕРСКОЛ ГБ-44/140,114906
Газонокосилка бензиновая Viking MB 248.4,114906
Газонокосилка бензиновая McCULLOCH M51-150WRPX,114906
Газонокосилка бензиновая HUSQVARNA LB 448S,114906
Газонокосилка бензиновая McCULLOCH M46-110R,114906
Газонокосилка бензиновая McCULLOCH M40-110 Classic,114906
Газонокосилка бензиновая McCULLOCH M51-150F Classic,114906
Газонокосилка бензиновая HUSQVARNA LC 247SP,114906
Газонокосилка бензиновая McCULLOCH  M53-150WFP,114906
Газонокосилка бензиновая HUSQVARNA  LC 140S,114906
Газонокосилка бензиновая HUSQVARNA  LC 140,114906
Газонокосилка бензиновая CHAMPION LM4630 ,114906
Газонокосилка бензиновая Viking MB 248.3 T ,114906
Газонокосилка бензиновая HUSQVARNA LB 553E,114906
Газонокосилка бензиновая ИНТЕРСКОЛ ГБ-44/140С,114906
Газонокосилка бензиновая ИНТЕРСКОЛ ГКБ-44/150,114906
Газонокосилка бензиновая CHAMPION LM5345BS,114906
Газонокосилка бензиновая ИНТЕРСКОЛ ГКБ-44/150С,114906
Газонокосилка бензиновая CHAMPION LM5127,114906
Газонокосилка бензиновая HUSQVARNA LC 153,114906
Газонокосилка бензиновая CHAMPION LM5131,114906
Газонокосилка бензиновая HUSQVARNA LC 356AWDe,114906
Газонокосилка бензиновая CHAMPION LM4627,114906
Газонокосилка механическая CHAMPION MM4026,114906
Газонокосилка механическая GARDENA 330,114906
Газонокосилка механическая HUSQVARNA 540 Novolette,114906
Газонокосилка механическая GARDENA 400C,114906
Газонокосилка механическая HUSQVARNA 64 Novo Cut,114906
Газонокосилка механическая GARDENA  400,114906
Газонокосилка механическая HUSQVARNA 54 Exclusive,114906
Газонокосилка механическая BOSCH AHM 30,114906
Провод GARDENA R50Li,114906
Газонокосилка аккумуляторная GARDENA R50LI,114906
Набор HUSQVARNA для инсталяции S,114906
Газонокосилка-робот HUSQVARNA Automower 310,114906
Газонокосилка электрическая HUSQVARNA LC141C,114906
Газонокосилка электрическая GARDENA PowerMax 1200/32,114906
Газонокосилка механическая GARDENA PowerMax 1400/34,114906
Газонокосилка электрическая CHAMPION EM3813,114906
Газонокосилка электрическая BOSCH ROTAK 32,114906
Газонокосилка электрическая GARDENA PowerMax 32 E,114906
Газонокосилка электрическая CHAMPION  EM4216,114906
Газонокосилка электрическая GARDENA  PowerMax 34 E,114906
Газонокосилка электрическая BOSCH  ROTAK 43,114906
Газонокосилка электрическая BOSCH ARM 37,114906
Газонокосилка электрическая BOSCH ROTAK 40,114906
Газонокосилка электрическая BOSCH  ARM 34,114906
Газонокосилка электрическая GARDENA  PowerMax 42 E,114906
Газонокосилка электрическая GARDENA PowerMax 37 E,114906
Газонокосилка электрическая CHAMPION EM3211,114906
Газонокосилка электрическая CHAMPION EM3212/5125,114906